{
		"vertices": [-11.43774,23.192799,-23.8976,-11.438324,-22.9592,-23.897421,-6.531463,23.192799,-5.253166,-6.532046,-22.9592,-5.252988,-10.622579,23.192799,-24.187187,-10.623153,-22.9592,-24.187012,-5.716291,23.192799,-5.542757,-5.716875,-22.9592,-5.542579,-11.030165,23.192799,-24.042393,-8.169445,23.192799,-14.865022,-6.123877,23.192799,-5.397961,-8.984625,23.192799,-14.575459,-8.985188,-22.9592,-14.575214,-6.124461,-22.9592,-5.397783,-8.170011,-22.9592,-14.864786,-11.030739,-22.9592,-24.042217,-5.984749,-4.836371,-3.173537,-12.827041,6.682799,-29.177311,-12.012025,6.682799,-29.467274,-5.169403,-4.83639,-3.462555,-8.577034,23.192799,-14.720236,-8.5776,-22.9592,-14.72,-8.985188,-4.836201,-14.575214,-8.170011,-4.836201,-14.864786,-5.577076,-4.83638,-3.318046,-12.41966,6.682799,-29.322777,-11.43774,23.192799,-23.8976,-8.984625,23.192799,-14.575459,-8.984625,23.192799,-14.575459,-8.985188,-4.836201,-14.575214,-8.985188,-22.9592,-14.575214,-12.827041,6.682799,-29.177311,-8.169445,23.192799,-14.865022,-8.170011,-22.9592,-14.864786,-5.984749,-4.836371,-3.173537,-6.123877,23.192799,-5.397961,-5.169403,-4.83639,-3.462555,-6.124461,-22.9592,-5.397783,-11.030165,23.192799,-24.042393,-12.827041,6.682799,-29.177311,-11.030739,-22.9592,-24.042217,-12.012025,6.682799,-29.467274],
		"normals": [0,1,0,-0.247427,0.673569,-0.69648,0.953892,0.040973,-0.297342,0.977272,0.018698,-0.211161,-0.954523,0.018875,0.297538,0,-1,0,-0.977193,-0.02264,0.211144,-0.954288,-0.029152,0.297464,0.977034,-0.028946,-0.211109,0.954444,-0.022854,-0.297513,-0.967082,0.000015,0.254467,-0.967077,-0.000003,0.254486,-0.967083,0.000022,0.254459,-0.967075,0.000013,0.25449,-0.967075,0.00002,0.25449,-0.967079,0.000009,0.254477,-0.967079,0.000008,0.254475,-0.967082,0.000011,0.254465,0.967081,-0.000013,-0.254468,0.967078,-0.000018,-0.25448,0.96708,-0.000013,-0.254474,0.967079,-0.000007,-0.254477,0.967075,-0.000013,-0.254491,0.333456,0.076234,0.939678,0.334428,-0.000001,0.942421,0.334102,-0.000001,0.942537,0.334429,-0.000001,0.942421,0.332114,-0.117433,0.935901,-0.335519,-0.000001,-0.942033,-0.318146,0.312974,-0.894891,-0.335194,0.000001,-0.942149,-0.329471,-0.180524,-0.926747,-0.33443,0.000001,-0.942421],
		"uvs": [[0.5,0,0,0,0,0.5,0.5,0.5,1,0.5,1,0,0.5,1,1,1,0,1,0.24277,0.39886,0.17379,0.39886,0.13472,0.47625,0.24276,0.53024]],
		"faces": [42,8,0,11,0,0,1,2,0,1,0,42,20,8,11,0,3,0,2,0,0,0,42,9,4,8,0,4,5,0,0,2,0,42,20,9,8,0,3,4,0,0,0,0,42,10,6,9,0,6,7,4,0,3,0,42,20,10,9,0,3,6,4,0,0,0,42,11,2,10,0,2,8,6,0,4,0,42,20,11,10,0,3,2,6,0,0,0,42,12,1,15,0,2,1,0,5,6,5,42,21,12,15,0,3,2,0,5,5,5,42,13,3,12,0,6,8,2,5,7,5,42,21,13,12,0,3,6,2,5,5,5,42,14,7,13,0,4,7,6,5,8,5,42,21,14,13,0,3,4,6,5,5,5,42,15,5,14,0,0,5,4,5,9,5,42,21,15,14,0,3,0,4,5,5,5,42,27,26,17,0,9,10,11,10,11,10,42,22,27,17,0,12,9,11,12,10,10,42,16,2,28,0,8,8,2,13,4,14,42,29,16,28,0,2,8,2,15,13,14,42,30,3,16,0,2,8,8,16,7,13,42,29,30,16,0,2,2,8,15,16,13,42,31,1,30,0,1,1,2,17,6,16,42,29,31,30,0,2,1,2,15,17,16,42,18,4,32,0,5,5,4,18,2,19,42,23,18,32,0,4,5,4,20,18,19,42,33,5,18,0,4,5,5,21,9,18,42,23,33,18,0,4,4,5,20,21,18,42,19,7,33,0,7,7,4,22,8,21,42,23,19,33,0,4,7,4,20,22,21,42,32,6,19,0,4,7,7,19,3,22,42,23,32,19,0,4,4,7,20,19,22,42,35,2,34,0,6,8,8,23,4,24,42,24,35,34,0,6,6,8,25,23,24,42,36,6,35,0,7,7,6,26,3,23,42,24,36,35,0,6,7,6,25,26,23,42,37,7,36,0,6,7,7,27,8,26,42,24,37,36,0,6,6,7,25,27,26,42,34,3,37,0,8,8,6,24,7,27,42,24,34,37,0,6,8,6,25,24,27,42,39,0,38,0,1,1,0,28,1,29,42,25,39,38,0,0,1,0,30,28,29,42,40,1,39,0,0,1,1,31,6,28,42,25,40,39,0,0,0,1,30,31,28,42,41,5,40,0,5,5,0,32,9,31,42,25,41,40,0,0,5,0,30,32,31,42,38,4,41,0,0,5,5,29,2,32,42,25,38,41,0,0,0,5,30,29,32]
	}
